<?xml version="1.0" encoding="UTF-8"?>
<project-private xmlns="http://www.netbeans.org/ns/project-private/1">
    <editor-bookmarks xmlns="http://www.netbeans.org/ns/editor-bookmarks/2" lastBookmarkId="0"/>
    <open-files xmlns="http://www.netbeans.org/ns/projectui-open-files/2">
        <group>
            <file>file:/C:/Users/mathe/OneDrive/Documentos/USP/Ling_e_Paradigmas/projetoClever/ProjetoFinal/src/ListaFuncionarios.java</file>
            <file>file:/C:/Users/mathe/OneDrive/Documentos/USP/Ling_e_Paradigmas/projetoClever/ProjetoFinal/src/RemoverFuncionario.java</file>
            <file>file:/C:/Users/mathe/OneDrive/Documentos/USP/Ling_e_Paradigmas/projetoClever/ProjetoFinal/src/RemoverCliente.java</file>
            <file>file:/C:/Users/mathe/OneDrive/Documentos/USP/Ling_e_Paradigmas/projetoClever/ProjetoFinal/src/RemoverCarro.java</file>
            <file>file:/C:/Users/mathe/OneDrive/Documentos/USP/Ling_e_Paradigmas/projetoClever/ProjetoFinal/src/ListaCarrosParaAluguel.java</file>
            <file>file:/C:/Users/mathe/OneDrive/Documentos/USP/Ling_e_Paradigmas/projetoClever/ProjetoFinal/src/TelaPrincipal.java</file>
            <file>file:/C:/Users/mathe/OneDrive/Documentos/USP/Ling_e_Paradigmas/projetoClever/ProjetoFinal/src/TelaLogin.java</file>
        </group>
    </open-files>
</project-private>
